INSERT INTO Kitaplar(ISBN, ad, yazar, yayýnevi, ytarihi, aciklama, fiyat, yid, yno, sid) 
VALUES 
	('222-2-113306-02-1', 'Politikada Bir Sürgün', 'Yakup Kadri', 'YKY Yayýncýlýk', '1940', 'aciklama', '10', 1, 1, 1)

INSERT INTO Kitaplar(ISBN, ad, ytarihi, aciklama, fiyat, yid) 
VALUES 
	('555-2-193333-02-1', 'Yalnýz Sýkýcý Ýnsanlar', '1880', 'Açýklama yok', 25, 3)
	
INSERT INTO Kitaplar(ISBN, ad, ytarihi, aciklama, fiyat, yid) 
VALUES 
	('555-2-133303-02-6', 'A Vision', '1909', 'Açýklama yok', 35, 4)

INSERT INTO Kitaplar(ISBN, ad, yazar, yayýnevi, ytarihi, aciklama, fiyat,  yid ) 
VALUES 
	('222-2-193467-02-1', 'Altýn Iþýk', 'Ziya Gökalp', 'Can Yayýnlarý', '1923', 'aciklama', 32,5 )

INSERT INTO Kitaplar(ISBN, ad, yazar, yayýnevi, ytarihi, aciklama, fiyat,yid ) 
VALUES 
('232-1-193467-02-1', 'Þeker Portakalý', 'Jose Mauro De Vasconcelos', 'Can Yayýnlarý', '1968', 'aciklama', 24 ,6)

INSERT INTO Kitaplar(ISBN, ad, yazar, yayýnevi, ytarihi, aciklama, fiyat, yid, yno) 
VALUES 
	('222-2-183346-02-1', 'Körlük', 'Jose Saramago ', 'KIRMIZI KEDÝ YAYINEVÝ', '1995', 'aciklama', '29', 7, 2)

INSERT INTO Kitaplar(ISBN, ad, yazar, yayýnevi, ytarihi, aciklama, fiyat, yid, yno) 
VALUES 
	('226-2-193356-09-1', 'Simyacý', 'Paulo Coelho', 'CAN YAYINLARI', '1988', 'aciklama', '42', 8, 1)

INSERT INTO Kitaplar(ISBN, ad, yazar, yayýnevi, ytarihi, aciklama, fiyat, yid, yno) 
VALUES 
	('226-2-189356-09-1', 'Hayvan Çiftliði', 'George Orwell ', 'CAN YAYINLARI', '1945', 'aciklama yok', '10', 9, 1)


INSERT INTO Kitaplar(ISBN, ad, yazar, yayýnevi, ytarihi, aciklama, fiyat, yid, yno) 
VALUES 
	('226-2-189796-09-1', 'Kýrmýzý Pazartesi', 'Gabriel Garcia Marquez ', 'CAN YAYINLARI', '1981', 'aciklama yok', '17', 11, 1)
	
	INSERT INTO Kitaplar(ISBN, ad, yazar, yayýnevi, ytarihi, aciklama, fiyat, yid, yno) 
VALUES 
	('226-2-399356-09-1', 'Fareler ve Ýnsanlar', 'John Steinbeck  ', 'CAN YAYINLARI', '1945', 'aciklama yok', '33', 12, 1)

	INSERT INTO Kitaplar(ISBN, ad, yazar, yayýnevi, ytarihi, aciklama, fiyat, yid, yno) 
VALUES 
	('226-2-186756-09-1', 'Benim Zürafam Uçabilir', 'Mert Arýk ', 'TÝMAÞ ÇOCUK YAYINLARI', ' 2021', 'aciklama yok', '15', 9, 1)

	INSERT INTO Kitaplar(ISBN, ad, yazar, yayýnevi, ytarihi, aciklama, fiyat, yid, yno) 
VALUES 
	('426-2-186756-09-1', 'Kürk Mantolu Madonna', 'Sabahattin Ali ', 'YKY', ' 1943', 'aciklama yok', '4', 15, 1)
	
	INSERT INTO Kitaplar(ISBN, ad, yazar, yayýnevi, ytarihi, aciklama, fiyat, yid, yno) 
VALUES 
	('456-2-186756-09-1', 'Veronika Ölmek Ýstiyor', 'Paulo Coelho ', 'YKY', ' 1943', 'aciklama yok', '21', 8, 1)
	INSERT INTO Kitaplar(ISBN, ad, yazar, yayýnevi, ytarihi, aciklama, fiyat, yid, yno)
VALUES 
	('456-2-186756-39-1', 'Veronika Ölmek Ýstiyor', 'Paulo Coelho ', 'YKY', ' 1943', 'aciklama yok', '21', 8, 1)

	INSERT INTO Kitaplar(ISBN, ad, yazar, yayýnevi, ytarihi, aciklama, fiyat, yid, yno)
VALUES 
	('456-2-186756-39-1', 'Ýçimizdeki Þeytan', 'Sabahattin Ali ', 'YKY', ' 1963', 'aciklama yok', '22', 15, 1)
	
	INSERT INTO Kitaplar(ISBN, ad, yazar, yayýnevi, ytarihi, aciklama, fiyat, yid, yno)
VALUES 
	('456-2-156756-39-1', 'Aylak Adam ', 'Yusuf Atýlgan ', 'CAN YAYINLARI', ' 1923', 'aciklama yok', '63', 15, 1)

	INSERT INTO Kitaplar(ISBN, ad, yazar, yayýnevi, ytarihi, aciklama, fiyat, yid, yno)
VALUES 
	('456-2-186756-79-1', 'Zaman Bisikleti', 'Bilgin Adalý  ', 'CAN YAYINLARI', ' 1989', 'aciklama yok', '33', 15, 1)
	
	INSERT INTO Kitaplar(ISBN, ad, yazar, yayýnevi, ytarihi, aciklama, fiyat, yid, yno)
VALUES 
	('456-5-186756-79-1', 'Dune', 'Frank Herbert ', 'ÝTHAKÝ YAYINLARI', ' 1989', 'aciklama yok', '37', 15, 3)
	
	INSERT INTO Kitaplar(ISBN, ad, yazar, yayýnevi, ytarihi, aciklama, fiyat, yid, yno)
VALUES 
	('456-5-186966-79-1', 'Geliþtiren Anne-Baba', 'Doðan Cüceloðlu ', 'KRONÝK KÝTAP', ' 1959', 'aciklama yok', '55', 18, 4)

	INSERT INTO Kitaplar(ISBN, ad, yazar, yayýnevi, ytarihi, aciklama, fiyat, yid, yno)
VALUES 
	('456-5-183666-79-1','Masumiyet Müzesi', 'Orhan Pamuk', 'YKY', ' 2008', 'aciklama yok', '50', 19, 1)
	
	INSERT INTO Kitaplar(ISBN, ad, yazar, yayýnevi, ytarihi, aciklama, fiyat, yid, yno)
VALUES 
	('456-5-183966-79-1','Balýkçý ve Oðlu', 'Zülfü Livaneli ', 'ÝNKILAP KÝTABEVÝ', ' 2021', 'aciklama yok', '25', 19, 1)
	
	INSERT INTO Kitaplar(ISBN, ad, yazar, yayýnevi, ytarihi, aciklama, fiyat, yid, yno)
VALUES 
	('456-5-185666-79-1','Huzursuzluk', 'Zülfü Livaneli ', 'ÝNKILAP KÝTABEVÝ', ' 2000', 'aciklama yok', '37', 20, 5)
	
		INSERT INTO Kitaplar(ISBN, ad, yazar, yayýnevi, ytarihi, aciklama, fiyat, yid, yno)
VALUES 
	('456-5-185666-55-1','Pinokyo ', 'Carlo Collodi', 'ÝNKILAP KÝTABEVÝ', ' 1995', 'aciklama yok', '35', 21, 5)
	
		INSERT INTO Kitaplar(ISBN, ad, yazar, yayýnevi, ytarihi, aciklama, fiyat, yid, yno)
VALUES 
	('456-5-198666-55-1','Ardýndan ', 'Natsume Soseki', 'ÝTHAKÝ YAYINLARI', ' 1987', 'aciklama yok', '43', 23, 3)

	INSERT INTO Kitaplar(ISBN, ad, yazar, yayýnevi, ytarihi, aciklama, fiyat, yid, yno)
VALUES 
	('456-5-197466-55-1','Yaþamak', 'Yu Hua ', ' JAGUAR KÝTAP', ' 2019', 'aciklama yok', '20', 24, 3)

	INSERT INTO Kitaplar(ISBN, ad, yazar, yayýnevi, ytarihi, aciklama, fiyat, yid, yno)
VALUES 
	('456-5-197836-55-1','Yaban Kazý', 'Ogai Mori  ', ' ÝTHAKÝ YAYINLARI', ' 2021', 'aciklama yok', '20', 25, 3)

	INSERT INTO Kitaplar(ISBN, ad, yazar, yayýnevi, ytarihi, aciklama, fiyat, yid, yno)
VALUES 
	('456-5-135936-46-1','Jane Eyre', 'Charlotte Brontë  ', ' CAN YAYINLARI', ' 2019', 'aciklama yok', '49', 26, 1)

	INSERT INTO Kitaplar(ISBN, ad, yazar, yayýnevi, ytarihi, aciklama, fiyat, yid, yno)
VALUES 
	('456-5-135956-46-1','1984', 'George Orwell  ', ' CAN YAYINLARI', ' 2019', 'aciklama yok', '23', 28, 1)

		INSERT INTO Kitaplar(ISBN, ad, yazar, yayýnevi, ytarihi, aciklama, fiyat, yid)
VALUES 
	('456-5-133656-96-1','Ýnsan Nedir?', 'Mark Twain ', ' DEDALUS KÝTAP', ' 2021', 'aciklama yok', '23', 29)

		INSERT INTO Kitaplar(ISBN, ad, yazar, yayýnevi, ytarihi, aciklama, fiyat, yid)
VALUES 
	('456-5-144656-96-1','Üç Kedi Bir Dilek', 'Sara Þahinkanat ', ' YAPI KREDÝ YAYINLARI', ' 2021', 'aciklama yok', '63', 30)

		INSERT INTO Kitaplar(ISBN, ad, yazar, yayýnevi, ytarihi, aciklama, fiyat, yid)
VALUES 
	('456-5-148965-96-1','Satranç ', 'Stefan Zweig ', ' CAN YAYINLARI', ' 2019', 'aciklama yok', '33',31 )

		INSERT INTO Kitaplar(ISBN, ad, yazar, yayýnevi, ytarihi, aciklama, fiyat, yid)
VALUES 
	('456-5-148465-96-1','Zeytindaðý', 'Falih Rýfký Atay', ' POZÝTÝF YAYINLARI', ' 2013', 'aciklama yok', '37',32 )

	INSERT INTO Kitaplar(ISBN, ad, yazar, yayýnevi, ytarihi, aciklama, fiyat, yid)
VALUES 
	('456-5-148963-96-1','Ýnce Memed 2', 'Yaþar Kemal ', ' YKY', ' 2020', 'aciklama yok', '32',33 )

	
	INSERT INTO Kitaplar(ISBN, ad, yazar, yayýnevi, ytarihi, aciklama, fiyat, yid)
VALUES 
	('456-5-142763-96-1','Son Ada', 'Zülfü Livaneli', 'DOÐAN KÝTAP', ' 2016', 'aciklama yok', '35', 35 )
	
	INSERT INTO Kitaplar(ISBN, ad, yazar, yayýnevi, ytarihi, aciklama, fiyat, yid)
VALUES 
	('456-5-142263-96-1','Koku', 'Patrick Süskind', 'CAN YAYINLARI', ' 2019', 'aciklama yok', '35', 36 )

	INSERT INTO Kitaplar(ISBN, ad, yazar, yayýnevi, ytarihi, aciklama, fiyat, yid)
VALUES 
	('456-5-142263-98-1','Biz', 'Yevgeni Zamyatin', 'ÝTHAKÝ YAYINLARI', ' 2019', 'aciklama yok', '35', 37 )

		INSERT INTO Kitaplar(ISBN, ad, yazar, yayýnevi, ytarihi, aciklama, fiyat, yid)
VALUES 
	('956-5-142263-98-1','Yeni Dünya', 'Sabahattin Ali ', 'YKY', ' 2019', 'aciklama yok', '24', 1 )

		INSERT INTO Kitaplar(ISBN, ad, yazar, yayýnevi, ytarihi, aciklama, fiyat, yid)
VALUES 
	('966-5-142263-98-1','Limon Kütüphanesi', 'Jo Cotterill', 'TÝMAÞ', ' 2021', 'aciklama yok', '9', 38 )

	INSERT INTO Kitaplar(ISBN, ad, yazar, yayýnevi, ytarihi, aciklama, fiyat, yid)
VALUES 
	('966-5-142713-98-1','Osman', 'Ayfer Tunç', 'CAN YAYINLARI', ' 2021', 'aciklama yok', '11', 39 )

INSERT INTO Kitaplar(ISBN, ad, yazar, yayýnevi, ytarihi, aciklama, fiyat, yid)
VALUES 
	('966-5-102713-98-1','Göðe Bakma Duraðý', 'Turgut Uyar ', 'YKY', ' 2019', 'aciklama yok', '11', 40)

INSERT INTO Kitaplar(ISBN, ad, yazar, yayýnevi, ytarihi, aciklama, fiyat, yid)
VALUES 
	('966-5-102713-90-1','Ýyi Ýnsan Olma Sanatý', 'Mustafa Güldaðý ', 'LOPUS', ' 2021', 'aciklama yok', '15', 41)

INSERT INTO Kitaplar(ISBN, ad, yazar, yayýnevi, ytarihi, aciklama, fiyat, yid)
VALUES 
	('966-5-102713-90-7','Beyaz Zambaklar Ülkesinde', 'Grigory Petrov', 'KARBON KÝTAPLAR', ' 2021', 'aciklama yok', 17.25, 41)

	INSERT INTO Kitaplar(ISBN, ad, yazar, yayýnevi, ytarihi, aciklama, fiyat, yid)
VALUES 
	('966-5-102713-50-7','Swamp Thing Efsanesi', 'Alan Moore ', ' ÝTHAKÝ YAYINLARI', ' 2022', 'aciklama yok', 15.95, 42)

	INSERT INTO Kitaplar(ISBN, ad, yazar, yayýnevi, ytarihi, aciklama, fiyat, yid)
VALUES 
	('736-5-102713-50-7','Ýnci', 'John Steinbeck ', ' SEL YAYINCILIK', ' 2020', 'aciklama yok', 17.99, 43)

	INSERT INTO Kitaplar(ISBN, ad, yazar, yayýnevi, ytarihi, aciklama, fiyat, yid)
VALUES 
	('736-0-102713-50-7','Küçük Kara Balýk', 'Samed Behrengi ', ' KARBON KÝTAPLAR', ' 2019', 'aciklama yok', 22.99, 44)

	INSERT INTO Kitaplar(ISBN, ad, yazar, yayýnevi, ytarihi, aciklama, fiyat, yid)
VALUES 
	('736-0-102322-50-7','Gora ', 'Rabindranath Tagore ', ' SEL YAYINCILIK', ' 2002', 'aciklama yok', 55.0, 46)

	INSERT INTO Kitaplar(ISBN, ad, yazar, yayýnevi, ytarihi, aciklama, fiyat, yid)
VALUES 
	('736-0-102913-50-7','Bulantý', 'Jean Paul Sartre ', '  CAN YAYINLARI', ' 2019', 'aciklama yok', 25.25, 44)

INSERT INTO Kitaplar(ISBN, ad, yazar, yayýnevi, ytarihi, aciklama, fiyat, yid)
VALUES 
	('116-0-102913-50-7','Açlýk', 'Knut Hamsun', ' Aðaç Yayýnlarý', ' 1998', 'aciklama yok', 27.95, 47)

	INSERT INTO Kitaplar(ISBN, ad, yazar, yayýnevi, ytarihi, aciklama, fiyat, yid)
VALUES 
	('156-0-102913-50-7','Ayaþlý ile Kiracýlarý ', 'Memduh Þevket Esendal', ' Amorf Kitap', ' 1973', 'aciklama yok', 32.95, 48)

	INSERT INTO Kitaplar(ISBN, ad, yazar, yayýnevi, ytarihi, aciklama, fiyat, yid)
VALUES 
	('156-0-102913-50-7','Ayaþlý ile Kiracýlarý ', 'Memduh Þevket Esendal', ' Amorf Kitap', ' 1973', 'aciklama yok', 32.95, 48)
	
	INSERT INTO Kitaplar(ISBN, ad, yazar, yayýnevi, ytarihi, aciklama, fiyat, yid)
VALUES 
	('156-0-102913-52-7','Beyaz Diþ  ', 'Jack London', 'Aný Kültür', ' 1968', 'aciklama yok', 47.95, 49)
	
	INSERT INTO Kitaplar(ISBN, ad, yazar, yayýnevi, ytarihi, aciklama, fiyat, yid)
VALUES 
	('156-0-100913-52-7','Beyaz Gemi  ', 'Cengiz Aytmatov', 'Andaç Yayýnlarý', ' 1977', 'aciklama yok', 52.25, 50)
	
	INSERT INTO Kitaplar(ISBN, ad, yazar, yayýnevi, ytarihi, aciklama, fiyat, yid)
VALUES 
	('156-0-100013-52-7','Bir Bilim Adamýnýn Romaný ', 'Oðuz Atay', 'Andaç Yayýnlarý', ' 2003', 'aciklama yok', 47.95,51)

	INSERT INTO Kitaplar(ISBN, ad, yazar, yayýnevi, ytarihi, aciklama, fiyat, yid)
VALUES 
	('156-0-100013-52-7','Bir Bilim Adamýnýn Romaný ', 'Oðuz Atay', 'Andaç Yayýnlarý', ' 2003', 'aciklama yok', 47.95,51)

	INSERT INTO Kitaplar(ISBN, ad, yazar, yayýnevi, ytarihi, aciklama, fiyat, yid)
VALUES 
	('156-0-100003-52-7','Çalýkuþu ', 'Reþat Nuri Güntekin', 'TÝMAÞ', ' 1999', 'aciklama yok',22.23,52)

	INSERT INTO Kitaplar(ISBN, ad, yazar, yayýnevi, ytarihi, aciklama, fiyat, yid)
VALUES 
	('156-0-100003-52-0','Dokuzuncu Hariciye Koðuþu ', 'Peyami Safa', 'TÝMAÞ', ' 1993', 'aciklama yok',22.23,53)
	
	INSERT INTO Kitaplar(ISBN, ad, yazar, yayýnevi, ytarihi, aciklama, fiyat, yid)
VALUES 
	('156-0-101003-52-7','Don Kiþot  ', 'Cervantes', 'CAN YAYINLARI', ' 1996', 'aciklama yok',21,54)

	
	INSERT INTO Kitaplar(ISBN, ad, yazar, yayýnevi, ytarihi, aciklama, fiyat, yid)
VALUES 
	('156-0-101203-52-7','Drina Köprüsü  ', 'Ývo Andriç', 'CAN YAYINLARI', ' 1996', 'aciklama yok',11.95,55)
	
	INSERT INTO Kitaplar(ISBN, ad, yazar, ytarihi, aciklama, yid)
VALUES 
	('156-0-101403-51-7','Drinada Son Gün  ', 'Faik Baysal', ' 2007', 'aciklama yok',56)
	
	INSERT INTO Kitaplar(ISBN, ad, yazar, ytarihi, aciklama, yid)
VALUES 
	('156-0-101413-72-7','Esir Þehrin Ýnsanlarý ', 'Kemal Tahir', ' 2017', 'aciklama yok',57)

	
	INSERT INTO Kitaplar(ISBN, ad, yazar, ytarihi, aciklama, yid)
VALUES 
	('156-1-101513-52-7','Eskici ve Oðullarý  ', 'Orhan Kemal', '2018', 'aciklama yok',58)

		INSERT INTO Kitaplar(ISBN, ad, yazar, ytarihi, aciklama, yid)
VALUES 
	('156-1-101713-52-7','Fareler ve Ýnsanlar ', 'John Steinbeck', '2019', 'aciklama yok',59)

		INSERT INTO Kitaplar(ISBN, ad, yazar, ytarihi, aciklama, yid)
VALUES 
	('156-1-121763-52-7','Fatih-Harbiye  ', 'Peyami Safa', '1987', 'aciklama yok',60)

	INSERT INTO Kitaplar(ISBN, ad, yazar, ytarihi, aciklama, yid)
VALUES 
	('156-1-101563-50-0','Gün Olur Asra Bedel  ', 'Cengiz Aytmatov', '1993', 'aciklama yok',61)

	INSERT INTO Kitaplar(ISBN, ad, yazar, ytarihi, aciklama, yid)
VALUES 
	('156-1-191761-50-0','Yýlký Atý ', 'Abbas Sayar', '2004', 'aciklama yok',62)

	INSERT INTO Kitaplar(ISBN, ad, yazar, ytarihi, aciklama, yid)
VALUES 
	('156-7-131763-51-0','Yedinci Gün  ', 'Orhan Hançerlioðlu', '2002', 'aciklama yok',63)

	INSERT INTO Kitaplar(ISBN, ad, yazar, ytarihi, aciklama,fiyat,yid)
VALUES 
	('176-7-193736-51-0','Yaþar Ne Yaþar Ne Yaþamaz ', 'Aziz Nesin', '2005', 'aciklama yok',16.95,64)

	INSERT INTO Kitaplar(ISBN, ad, yazar, ytarihi, aciklama,fiyat,yid)
VALUES 
	('176-7-191746-51-7','Yaban', 'Yakup Kadri Karaosmanoðlu', ' 2013', 'aciklama yok',19.99,65)

	INSERT INTO Kitaplar(ISBN, ad, yazar, ytarihi, aciklama,fiyat,yid)
VALUES 
	('176-7-190996-51-7','Tütün Zamaný', ' Necati Cumalý', ' 2001', 'aciklama yok',25.99,67)

	INSERT INTO Kitaplar(ISBN, ad, yazar, ytarihi, aciklama,fiyat,yid)
VALUES 
	('176-7-191956-51-7','Vadideki Zambak  ', 'Balzac', ' 2013', 'aciklama yok',23.99,66)

		INSERT INTO Kitaplar(ISBN, ad, yazar, ytarihi, aciklama,fiyat,yid)
VALUES 
	('176-7-191946-51-7','Suç ve Ceza', 'Dostoyevski', ' 2012', 'aciklama yok',29.99,68)

		INSERT INTO Kitaplar(ISBN, ad, yazar, ytarihi, aciklama,fiyat,yid)
VALUES 
	('176-7-191906-56-7','Sokakta', 'Bahattin Özkiþi', ' 2012', 'aciklama yok',29.98,69)

		INSERT INTO Kitaplar(ISBN, ad, yazar, ytarihi, aciklama,fiyat,yid)
VALUES 
	('176-7-101926-56-0','Sinekli Bakkal ', 'Halide Edib Adývar', ' 2016', 'aciklama yok',15.75,70)

	
	INSERT INTO Kitaplar(ISBN, ad, yazar, ytarihi, aciklama,fiyat,yid)
VALUES 
	('197-7-101886-56-7','Savaþ ve Barýþ ', 'Tolstoy', ' 1962', 'aciklama yok',18.75,73)

	INSERT INTO Kitaplar(ISBN, ad, yazar, ytarihi, aciklama,fiyat,yid)
VALUES 
	('197-7-101876-56-7','Sahnenin Dýþýndakiler ', 'Halide Edip Adývar', ' 2002', 'aciklama yok',24.75,74)
	
	INSERT INTO Kitaplar(ISBN, ad, yazar, ytarihi, aciklama,fiyat,yid)
VALUES 
	('197-7-101806-56-7','Robinson Crusoe ', 'Daniel Defoe', ' 2018', 'aciklama yok',28.95,75)

	INSERT INTO Kitaplar(ISBN, ad, yazar, ytarihi, aciklama,fiyat,yid)
VALUES 
	('127-7-101806-56-7','Ölü Canlar ', ' Gogol', ' 2019', 'aciklama yok',29.95,76)
	
	INSERT INTO Kitaplar(ISBN, ad, yazar, ytarihi, aciklama,fiyat,yid)
VALUES 
	('127-7-101836-56-7','Onlar da Ýnsandý  ', ' Cengiz Daðcý', ' 2016', 'aciklama yok',39.95,77)
	
		INSERT INTO Kitaplar(ISBN, ad, yazar, ytarihi, aciklama,fiyat,yid)
VALUES 
	('127-7-101836-36-7','Gazoz Aðacý   ', ' Sabahattin Kudret Aksal', ' 2016', 'aciklama yok',42.95,78)
	
	INSERT INTO Kitaplar(ISBN, ad, yazar, ytarihi, aciklama,fiyat,yid)
VALUES 
	('127-7-101836-39-7','Ýki Þehrin Hikâyesi ', 'Charles Dickens', ' 2016', 'aciklama yok',42.95,79)

	INSERT INTO Kitaplar(ISBN, ad, yazar, ytarihi, aciklama,fiyat,yid)
VALUES 
	('127-7-121836-39-7','Kaplumbaðalar ', 'Fakir Baykurt', ' 2001', 'aciklama yok',42.95,79)

	INSERT INTO Kitaplar(ISBN, ad, yazar, ytarihi, aciklama,fiyat,yid)
VALUES 
	('127-7-165696-39-7','Mai ve Siyah  ', 'Halit Ziya Uþaklýgil', ' 1997', 'aciklama yok',22.95,81)

	INSERT INTO Kitaplar(ISBN, ad, yazar, ytarihi, aciklama,fiyat,yid)
VALUES 
	('127-7-164396-39-7','Kiralýk Konak  ', 'Yakup Kadri Karaosmanoðlu', ' 1997', 'aciklama yok',22.95,82)

	INSERT INTO Kitaplar(ISBN, ad, yazar, ytarihi, aciklama,fiyat,yid)
VALUES 
	('193-7-164396-31-7','Karartma Geceleri ', 'Rýfat Ilgaz', ' 2013', 'aciklama yok',19.50,83)

INSERT INTO Kitaplar(ISBN, ad, yazar, ytarihi, aciklama,fiyat,yid)
VALUES 
	('123-7-164396-30-7','Ses ve Öfke', 'William Faulkner','1996', 'aciklama yok',19.75,84)

	INSERT INTO Kitaplar(ISBN, ad, yazar, ytarihi, aciklama,fiyat,yid)
VALUES 
	('123-7-167896-38-7','Sergüzeþt  ', 'Samipaþazade Sezai','1896', 'aciklama yok',18.75,85)
	
	INSERT INTO Kitaplar(ISBN, ad, yazar, ytarihi, aciklama,fiyat,yid)
VALUES 
	('123-7-162196-38-7','Sefiller ', 'Victor Hugo','1893', 'aciklama yok',16.75,86)

	INSERT INTO Kitaplar(ISBN, ad, yazar, ytarihi, aciklama,fiyat,yid)
VALUES 
	('123-7-162196-18-7','Sana Gül Bahçesi Vadetmedim', 'Joanne Greenberg','1932', 'aciklama yok',19.50,87)
	
	INSERT INTO Kitaplar(ISBN, ad, yazar, ytarihi, aciklama,fiyat,yid)
VALUES 
	('123-7-160196-18-7','Sevgi Neredeyse Tanrý Oradadýr', 'Lev Nikolayeviç Tolstoy','1932', 'aciklama yok',19.50,88)
	
	INSERT INTO Kitaplar(ISBN, ad, yazar, ytarihi, aciklama,fiyat,yid)
VALUES 
	('123-7-100196-18-7','Göremediðimiz Tüm Iþýklar', 'Anthony Doerr','1925', 'aciklama yok',26.25,89)
	
	INSERT INTO Kitaplar(ISBN, ad, yazar, ytarihi, aciklama,fiyat,yid)
VALUES 
	('123-7-101196-18-7','Direnmenin Estetiði','Anthony Doerr','1925', 'aciklama yok',26.25,89)

	INSERT INTO Kitaplar(ISBN, ad, yazar, ytarihi, aciklama,fiyat,yid)
VALUES 
	('123-7-301109-98-7','Annelerin Sessiz Çocuklarý','Ayþegül Kocabýçak','1957', 'aciklama yok',10.25,90)

	INSERT INTO Kitaplar(ISBN, ad, yazar, ytarihi, aciklama,fiyat,yid)
VALUES 
	('123-7-101199-98-7','Her Saniye Deðerlidir','Lance Armstrong','2012', 'aciklama yok',15.75,91)

	INSERT INTO Kitaplar(ISBN, ad, yazar, ytarihi, aciklama,fiyat,yid)
VALUES 
	('123-7-101199-93-9','Kýzýla Boyalý Saçlar','Kostas Mourselas','2008','aciklama yok',13.99,92)

INSERT INTO Kitaplar(ISBN, ad, yazar, ytarihi, aciklama,fiyat,yid)
VALUES 
	('123-7-121199-97-9','Kitaptan Kimse Çýkamayacak','Altay Öktem','2005','aciklama yok',19.99,93)


	INSERT INTO Kitaplar(ISBN, ad, yazar, ytarihi, aciklama,fiyat,yid)
VALUES 
	('123-7-121199-07-9','Akþam Güneþi','Reþat Nuri Güntekin','2004','aciklama yok',30,94)

	INSERT INTO Kitaplar(ISBN, ad, yazar, ytarihi, aciklama,fiyat,yid)
VALUES 
	('103-7-121198-97-9','Ýt Cazý','Küçük Ýskender','2012','aciklama yok',41,95)

	INSERT INTO Kitaplar(ISBN, ad, yazar, ytarihi, aciklama,fiyat,yid)
VALUES 
	('113-7-121399-97-9','Dünya Lekesi','Seyyidhan Kömürcü','1978','aciklama yok',17.95,96)

	INSERT INTO Kitaplar(ISBN, ad, yazar, ytarihi, aciklama,fiyat,yid)
VALUES 
	('118-7-121199-97-9','Asal Sayýlarýn Yalnýzlýðý','Paolo Giordano','1993','aciklama yok',25.95,97)

	INSERT INTO Kitaplar(ISBN, ad, yazar, ytarihi, aciklama,fiyat,yid)
VALUES 
	('118-7-121099-97-9','Sana Gül Bahçesi Vadetmedim','Joanne Greenberg,','1997','aciklama yok',23.99,98)

	INSERT INTO Kitaplar(ISBN, ad, yazar, ytarihi, aciklama,fiyat,yid)
VALUES 
	('118-7-121299-97-9','Bizim Büyük Çaresizliðimiz','Barýþ Býçakçý,','2001','aciklama yok',27.99,99)

INSERT INTO Kitaplar(ISBN, ad, yazar, ytarihi, aciklama,fiyat,yid)
VALUES 
	('158-0-101799-94-9','Amok Koþucusu','Stefan Zweig','2015','aciklama yok',19.80,103)
	
INSERT INTO Kitaplar(ISBN, ad, yazar, ytarihi, aciklama,fiyat,yid)
VALUES 
	('159-0-101799-94-9','Olasýlýksýz','Adam Fawer','2013','aciklama yok',39.80,104)

INSERT INTO Kitaplar(ISBN, ad, yazar, ytarihi, aciklama,fiyat,yid)
VALUES 
	('159-0-101739-94-9','Beyaz Zambaklar Ülkesi','Grigory Petrov','2013','aciklama yok',39.80,105)

	INSERT INTO Kitaplar(ISBN, ad, yazar, ytarihi, aciklama,fiyat,yid)
VALUES 
	('159-0-101739-94-9','Beyaz Zambaklar Ülkesi','Grigory Petrov','2013','aciklama yok',39.80,105)

	INSERT INTO Kitaplar(ISBN, ad, yazar, ytarihi, aciklama,fiyat,yid)
VALUES 
	('159-0-101739-94-9','Fahrenheit 451','Ray Bradbury','2013','aciklama yok',39.60,106)

INSERT INTO Kitaplar(ISBN, ad, yazar, ytarihi, aciklama,fiyat,yid)
VALUES 
	('159-0-105739-94-9','Sol Ayaðým','Christy Brown','2013','aciklama yok',42.60,107)

INSERT INTO Kitaplar(ISBN, ad, yazar, ytarihi, aciklama,fiyat,yid)
VALUES 
	('159-0-111739-94-9','Beyaz Gemi','Cengiz Aytmatov','2013','aciklama yok',42.60,50)

	INSERT INTO Kitaplar(ISBN, ad, yazar, ytarihi, aciklama,fiyat,yid)
VALUES 
	('159-2-111739-94-9','Momo','Michael Ende','2008','aciklama yok',55,108)

	INSERT INTO Kitaplar(ISBN, ad, yazar, ytarihi, aciklama,fiyat,yid)
VALUES 
	('059-2-111739-94-9','Denemeler','Montaigne','1996','aciklama yok',73.95,109)

	INSERT INTO Kitaplar(ISBN, ad, yazar, ytarihi, aciklama,fiyat,yid)
VALUES 
	('019-2-111739-94-9','Da Vinci Þifresi','Robert Langdon Serisi 2','1996','aciklama yok',60,110)

	INSERT INTO Kitaplar(ISBN, ad, yazar, ytarihi, aciklama,fiyat,yid)
VALUES 
	('019-2-112739-94-9','Yüreðim Seni Çok Sevdi','Canan TAN','2009','aciklama yok',27.50,111)

	
	INSERT INTO Kitaplar(ISBN, ad, yazar, ytarihi, aciklama,fiyat,yid)
VALUES 
	('019-2-112639-94-9','Hasretinden Prangalar Eskittim','Ahmed Arif','2007','aciklama yok',33.95,112)


	INSERT INTO Kitaplar(ISBN, ad, yazar, ytarihi, aciklama,fiyat,yid)
VALUES 
	('019-2-112637-94-9','Kendine Ait Bir Oda','Virginia Woolf','1998','aciklama yok',22.99,113)
	
 INSERT INTO Kitaplar(ISBN, ad, yazar, ytarihi, aciklama,fiyat,yid)
VALUES 
	('019-2-112617-94-9','Nar Aðacý','Nazan Bekiroðlu','2008','aciklama yok',20.0,114)

	 INSERT INTO Kitaplar(ISBN, ad, yazar, ytarihi, aciklama,fiyat,yid)
VALUES 
	('019-2-102417-94-9','Ölü Ozanlar Derneði','N. H. Kleinbaum','2002','aciklama yok',67.99,115)
	
	 INSERT INTO Kitaplar(ISBN, ad, yazar, ytarihi, aciklama,fiyat,yid)
VALUES 
	('019-2-102417-93-9','Taaþþuk-ý Talat ve Fitnat','Þemseddin Sami','1963','aciklama yok',45.90,116)
	
	
	 INSERT INTO Kitaplar(ISBN, ad, yazar, ytarihi, aciklama,fiyat,yid)
VALUES 
	('019-2-102017-93-9','Ateþi Yakalamak','Suzanne Collins','2009','aciklama yok',38.25,117)

	
	 INSERT INTO Kitaplar(ISBN, ad, yazar, ytarihi, aciklama,fiyat,yid)
VALUES 
	('019-2-102017-93-0','Kuþlar Yasýna Gider','Hasan Ali Toptaþ','2017','aciklama yok',55.99,118)
	
	
	 INSERT INTO Kitaplar(ISBN, ad, yazar, ytarihi, aciklama,fiyat,yid)
VALUES 
	('019-2-102517-93-0','Ýskender','Elif Þafak','2015','aciklama yok',69.90,119)

		 INSERT INTO Kitaplar(ISBN, ad, yazar, ytarihi, aciklama,fiyat,yid)
VALUES 
	('019-2-10517-93-0','Ýrade Terbiyesi','Jules Payot','1991','aciklama yok',120,120)
	
		 INSERT INTO Kitaplar(ISBN, ad, yazar, ytarihi, aciklama,fiyat,yid)
VALUES 
	('019-2-17517-93-0','Felatun Bey ile Rakým Efendi','Ahmet Mithatt','1985','aciklama yok',32,90,121)

	 INSERT INTO Kitaplar(ISBN, ad, yazar, ytarihi, aciklama,fiyat,yid)
VALUES 
	('009-2-17517-93-0','Cimri','Molière','1765','aciklama yok',42.90,122)

	INSERT INTO Kitaplar(ISBN, ad, yazar, ytarihi, aciklama,fiyat,yid)
VALUES 
	('009-2-10517-93-0','Son Kamelya','Sarah Jio','2016','aciklama yok',23.90,123)

		INSERT INTO Kitaplar(ISBN, ad, yazar, ytarihi, aciklama,fiyat,yid)
VALUES 
	('019-2-10517-93-9','Sevdalinka','Ayþe Kulin','2010','aciklama yok',27.90,124)

		INSERT INTO Kitaplar(ISBN, ad, yazar, ytarihi, aciklama,fiyat,yid)
VALUES 
	('119-2-10517-93-9','Kitap Hýrsýzý','Markus Zusak','2014','aciklama yok',27.90,125)
	
	INSERT INTO Kitaplar(ISBN, ad, yazar, ytarihi, aciklama,fiyat,yid)
VALUES 
	('110-2-10517-93-9','Grapon Kâðýtlarý','Didem Madak','2018','aciklama yok',25.90,126)

	INSERT INTO Kitaplar(ISBN, ad, yazar, ytarihi, aciklama,fiyat,yid)
VALUES 
	('110-2-12517-93-9','Goriot Baba','Honore de Balzac','2018','aciklama yok',25.90,127)
	
	INSERT INTO Kitaplar(ISBN, ad, yazar, ytarihi, aciklama,fiyat,yid)
VALUES 
	('110-2-17517-93-9','Üstü Kalsýn','Cemal Süreya','1992','aciklama yok',7.90,128)
	
	
	INSERT INTO Kitaplar(ISBN, ad, yazar, ytarihi, aciklama,fiyat,yid)
VALUES 
	('710-2-17517-93-9','Siyah Lale','Alexandre Dumas','1896','aciklama yok',11.90,129)
	
	INSERT INTO Kitaplar(ISBN, ad, yazar, ytarihi, aciklama,fiyat,yid)
VALUES 
	('720-2-17517-93-9','Viþne Bahçesi','Anton Çehov','1935','aciklama yok',6.90,130)
	
	INSERT INTO Kitaplar(ISBN, ad, yazar, ytarihi, aciklama,fiyat,yid)
VALUES 
	('720-2-17515-93-9','Mavi Kuþ','Mustafa Kutlu','1997','aciklama yok',8.90,131)
	
	INSERT INTO Kitaplar(ISBN, ad, yazar, ytarihi, aciklama,fiyat,yid)
VALUES 
	('720-2-17815-93-9','Kum ve Köpük','Halil Cibran','2011','aciklama yok',15.90,132)
	
		INSERT INTO Kitaplar(ISBN, ad, yazar, ytarihi, aciklama,fiyat,yid)
VALUES 
	('720-2-17715-93-9','The Secret - Sýr','Rhonda Byrne','2003','aciklama yok',13.99,133)
	
	
		INSERT INTO Kitaplar(ISBN, ad, yazar, ytarihi, aciklama,fiyat,yid)
VALUES 
	('750-2-17715-93-9','Bana Ýkimizi Anlat','Ahmet Batman','2019','aciklama yok',16.99,134)
	
	INSERT INTO Kitaplar(ISBN, ad, yazar, ytarihi, aciklama,fiyat,yid)
VALUES 
	('750-2-17715-93-9','Kavgam','Ahmet Batman','2019','aciklama yok',16.99,134)

	INSERT INTO Kitaplar(ISBN, ad, yazar, ytarihi, aciklama,fiyat,yid)
VALUES 
	('750-2-17745-93-9','Siyah Süt','Elif Þafak','2014','aciklama yok',18.99,135)

 
	INSERT INTO Kitaplar(ISBN, ad, yazar, ytarihi, aciklama,fiyat,yid)
VALUES 
	('750-2-17745-43-9','Yaþýyoruz Sessizce','Þükrü Erbaþ','2011','aciklama yok',21.99,136)
 
 INSERT INTO Kitaplar(ISBN, ad, yazar, ytarihi, aciklama,fiyat,yid)
VALUES 
	('750-2-17765-43-9','Umut','Ayþe Kulin','2017','aciklama yok',23.99,137)
 
 INSERT INTO Kitaplar(ISBN, ad, yazar, ytarihi, aciklama,fiyat,yid)
VALUES 
	('750-2-17765-43-0','Alemdaðda Var Bir Yýlan','Sait Faik Abasýyanýk','2015','aciklama yok',23.99,138)
 
 INSERT INTO Kitaplar(ISBN, ad, yazar, ytarihi, aciklama,fiyat,yid)
VALUES 
	('750-2-17765-43-8','Ben Sana Mecburum','Attila Ýlhan','2019','aciklama yok',27.99,139)

	INSERT INTO Kitaplar(ISBN, ad, yazar, ytarihi, aciklama,fiyat,yid)
VALUES 
	('750-2-17565-43-8','Pembe Fili Düþünme','Zeynep Selvili Çarmýklý','2010','aciklama yok',35.99,140)

	INSERT INTO Kitaplar(ISBN, ad, yazar, ytarihi, aciklama,fiyat,yid)
VALUES 
	('850-2-17565-43-8','4N1K','Büþra Yýlmaz','2020','aciklama yok',37.99,141)
 
INSERT INTO Kitaplar(ISBN, ad, yazar, ytarihi, aciklama,fiyat,yid)
VALUES 
	('850-2-17565-44-8','Yaralý','Kahraman Tazeoðlu','2017','aciklama yok',34.99,142)
 
 INSERT INTO Kitaplar(ISBN, ad, yazar, ytarihi, aciklama,fiyat,yid)
VALUES 
	('850-2-17565-04-8','Leylâ ile Mecnûn',' Nusret Özcan ','1991','aciklama yok',36.99,143)

 INSERT INTO Kitaplar(ISBN, ad, yazar, ytarihi, aciklama,fiyat,yid)
VALUES 
	('850-2-17505-04-8','Coþkuyla Ölmek','Þule Gürbüz ','2020','aciklama yok',32.99,144)

	INSERT INTO Kitaplar(ISBN, ad, yazar, ytarihi, aciklama,fiyat,yid)
VALUES 
	('850-2-17515-04-8','Kusursuz Talan','Hasan Özlen ','2020','aciklama yok',32.99,145)
 
	INSERT INTO Kitaplar(ISBN, ad, yazar, ytarihi, aciklama,fiyat,yid)
VALUES 
	('850-2-17515-04-0','Toparlanýn Gitmiyoruz','Ýsmet Özel ','2020','aciklama yok',32.99,146)

	
	INSERT INTO Kitaplar(ISBN, ad, yazar,yayýnevi, ytarihi, aciklama,fiyat, yid, yno, sid)
VALUES 
	('850-2-88815-04-0','Paradise Lost','John Milton','YKY', '1667','aciklama yok', 55, 147, 5, 155)

		INSERT INTO Kitaplar(ISBN, ad, yazar,yayýnevi, ytarihi, aciklama,fiyat, yid, yno, sid)
VALUES 
	('850-2-88815-64-0','Dantenin Cehennemi','Dante Alighieri','YKY', '1007','aciklama yok', 80, 148, 7, 152)
 
 INSERT INTO Kitaplar(ISBN, ad, yazar,yayýnevi, ytarihi, aciklama,fiyat, yid, yno, sid)
VALUES 
	('000-2-88815-64-0','Ýlahi Komedya','Dante Alighieri','YKY', '1427','aciklama yok', 85, 148, 8, 153)

	INSERT INTO Kitaplar(ISBN, ad, yazar,yayýnevi, ytarihi, aciklama,fiyat, yid, yno, sid)
VALUES 
	('100-2-88815-55-0','Paradiso','Dante Alighieri','YKY', '1436','aciklama yok', 115, 148, 8, 154)

	INSERT INTO Kitaplar(ISBN, ad, yazar,yayýnevi, ytarihi, aciklama,fiyat, yid, yno, sid)
VALUES 
	('100-2-09567-55-0','Yeni Hayat','Dante Alighieri','YKY', '1294','aciklama yok', 26, 148, 8, 156)

	INSERT INTO Kitaplar(ISBN, ad, yazar,yayýnevi, ytarihi, aciklama,fiyat, yid, yno, sid)
VALUES 
	('100-2-99997-55-0','Þölen','Dante Alighieri','YKY', '1307','aciklama yok', 35, 148, 8, 157)

	INSERT INTO Kitaplar(ISBN, ad, yazar,yayýnevi, ytarihi, aciklama,fiyat, yid, yno, sid)
VALUES 
	('100-2-99997-55-0','Dominicana','Angie Cruz','Can Yayýnlarý', '2020','aciklama yok', 30, 149, 1, 158)

	INSERT INTO Kitaplar(ISBN, ad, yazar,yayýnevi, ytarihi, aciklama,fiyat, yid, yno, sid)
VALUES 
	('100-2-99997-11-0','Soledad','Angie Cruz','Can Yayýnlarý', '2001','aciklama yok', 35, 149, 1, 159)

	INSERT INTO Kitaplar(ISBN, ad, yazar, yayýnevi, ytarihi, aciklama, fiyat, yid, yno, sid)
VALUES
	('125-4-55533-12-3', 'The Art of War', 'Sun Tzu', 'YEDÝTEPE YAYINEVÝ', '0400', 'aciklama yok', 24, 150, 18, 160)

	INSERT INTO Kitaplar(ISBN, ad, yazar, yayýnevi, ytarihi, aciklama, fiyat, yid, yno, sid)
VALUES
	('125-4-98534-12-3', 'Pia Mater', 'Serkan Karaismailoðlu', 'ELMA YAYINEVÝ', '2021', 'aciklama yok', 12, 151, 19, 161)

	INSERT INTO Kitaplar(ISBN, ad, yazar, yayýnevi, ytarihi, aciklama, fiyat, yid, yno, sid)
VALUES
	('125-4-12534-12-3', 'Dura Mater', 'Serkan Karaismailoðlu', 'ELMA YAYINEVÝ', '2021', 'aciklama yok', 20, 151, 19, 162)

		INSERT INTO Kitaplar(ISBN, ad, yazar, yayýnevi, ytarihi, aciklama, fiyat, yid, yno, sid)
VALUES
	('335-4-12534-12-3', 'Arachnoid Mater', 'Serkan Karaismailoðlu', 'ELMA YAYINEVÝ', '2021', 'aciklama yok', 25, 152, 20, 163)
		INSERT INTO Kitaplar(ISBN, ad, yazar, yayýnevi, ytarihi, aciklama, fiyat, yid, yno, sid)
--VALUES
	('335-4-12564-12-3', 'Gör Beni', 'Azra Kohen', 'TURUNCU YAYINEVÝ', '2017', 'aciklama yok', 32, 153, 21, 164)


	select * from kitaplar where yno = 18

	select * from Yayinevleri
	select * from Yazarlar

	UPDATE Yayinevleri set ad = 'YEDÝTEPE YAYINEVÝ' where ad = 'YEDÝTEPE YAYINEVÝ'

	UPDATE Stok SET adet = 2 WHERE sid = 156
 
	INSERT INTO Yazarlar(yid, ad,soyad)
VALUES
	('148','Dante','Alighieri')

	
SELECT * FROM Musteriler WHERE ad='ayþe'
 SELECT * FROM Musteriler WHERE sehir LIKE '%a'
 SELECT * FROM Musteriler WHERE soyad LIKE 'u%'
 SELECT * FROM Musteriler WHERE ad like '_a%'
 SELECT * FROM Musteriler ORDER BY Ad ASC
 select * from Yazarlar where ad like '%z'

 SELECT * FROM Kitaplar WHERE fiyat > 30

 SELECT ISBN, ad as [Kitap Adý], yazar as [Yazar Adý ve Soyadý], yayýnevi as [Yayýnevi Ýsmi], 
 ytarihi as [Yayýn Tarihi], fiyat as [Fiyat] FROM Kitaplar WHERE fiyat BETWEEN 14.99 AND 20 ORDER BY fiyat ASC

SELECT  ISBN, ad as [Kitap Adý], yazar as [Yazar Adý ve Soyadý], 
 ytarihi as [Yayýn Tarihi], fiyat as [Fiyat] FROM Kitaplar JOIN Yayinevleri ON Kitaplar.yno = Yay
WHERE EXISTS 
  (SELECT *
   FROM Yayinevleri
   WHERE Kitaplar.yno = Yayinevleri.yno);

 
 

	SELECT*FROM Musteriler
   SELECT*FROM Kitaplar Where ad ='Ses ve Öfke'

   SELECT*FROM Kitaplar where yid = 65
	
	SELECT * FROM Yazarlar WHERE soyad = 'Aytmatov'

	UPDATE Yazarlar SET ad = 'Yakup Kadri' where ad = 'Kiralýk Konak Yakup Kadri'

	DELETE FROM Yazarlar WHERE yid =70

	SELECT * FROM Kitaplar

	DELETE FROM Musteriler WHERE mid ='52'

ALTER TABLE Kitaplar
ALTER COLUMN fiyat float

ALTER TABLE Kitaplar
DROP COLUMN sid

INSERT INTO Kategori_bilgi(ISBN, kid)
VALUES
	('222-2-163306-02-1', 1)
	INSERT INTO Kategori_bilgi(ISBN, kid)
VALUES
	('850-2-17565-43-8', 2)
	INSERT INTO Kategori_bilgi(ISBN, kid)
VALUES
	('750-2-17765-43-9', 3)
	INSERT INTO Kategori_bilgi(ISBN, kid)
VALUES
	('850-2-17515-04-0', 4)
	INSERT INTO Kategori_bilgi(ISBN, kid)
VALUES
	('750-2-17745-43-9', 5)
	INSERT INTO Kategori_bilgi(ISBN, kid)
VALUES
	('720-2-17715-93-9', 6)
		INSERT INTO Kategori_bilgi(ISBN, kid)
VALUES
	('750-2-17565-43-8', 7)
		INSERT INTO Kategori_bilgi(ISBN, kid)
VALUES
	('850-2-17565-43-8', 8)
	INSERT INTO Kategori_bilgi(ISBN, kid)
VALUES
	('750-2-17745-43-9', 9)
	INSERT INTO Kategori_bilgi(ISBN, kid)
VALUES
	('750-2-17715-93-9', 10)
	INSERT INTO Kategori_bilgi(ISBN, kid)
VALUES
	('750-2-17765-43-0', 11)
	INSERT INTO Kategori_bilgi(ISBN, kid)
VALUES
	('750-2-17745-93-9', 12)
	INSERT INTO Kategori_bilgi(ISBN, kid)
VALUES
	('750-2-17765-43-8', 13)
		INSERT INTO Kategori_bilgi(ISBN, kid)
VALUES
	('750-2-17715-93-9', 14)
	INSERT INTO Kategori_bilgi(ISBN, kid)
VALUES
	('850-2-17515-04-8', 15)
	INSERT INTO Kategori_bilgi(ISBN, kid)
VALUES
	('720-2-17517-93-9', 16)
	INSERT INTO Kategori_bilgi(ISBN, kid)
VALUES
	('119-2-10517-93-9', 17)
	INSERT INTO Kategori_bilgi(ISBN, kid)
VALUES
	('019-2-102017-93-9', 12)
	INSERT INTO Kategori_bilgi(ISBN, kid)
VALUES
	('850-2-88815-64-0', 19)
	

	SELECT*FROM Kategori_bilgi

	DELETE FROM Kategori_bilgi WHERE kid=18

INSERT INTO Kategoriler(kid, ad, bilgi)
VALUES
	(1, 'Roman', 'Polisiye Roman')

INSERT INTO Kategoriler(kid, ad, bilgi)
VALUES
	(2, 'Roman', 'Bilim Romaný ')
	INSERT INTO Kategoriler(kid, ad, bilgi)
VALUES
	(3, 'Roman', ' Öðrenim Kitaplarý')
	INSERT INTO Kategoriler(kid, ad, bilgi)
VALUES
	(4, 'Roman', ' Tarihi Roman')
	INSERT INTO Kategoriler(kid, ad, bilgi)
VALUES
	(5, 'Roman', ' Macera Romaný')
	INSERT INTO Kategoriler(kid, ad, bilgi)
VALUES
	(6, 'Roman', ' Sosyal Roman')
	INSERT INTO Kategoriler(kid, ad, bilgi)
VALUES
	(7, 'Roman', 'Tahlil Romaný')
	INSERT INTO Kategoriler(kid, ad, bilgi)
VALUES
	(8, 'Roman', 'Bilimkurgu Romaný')
	INSERT INTO Kategoriler(kid, ad, bilgi)
VALUES
	(9, 'Roman', 'Realist Roman')
	INSERT INTO Kategoriler(kid, ad, bilgi)
VALUES
	(10, 'Roman', 'Romantik Roman')
	INSERT INTO Kategoriler(kid, ad, bilgi)
VALUES
	(11, 'Roman', 'Natüralist Roman')
	INSERT INTO Kategoriler(kid, ad, bilgi)
VALUES
	(12, 'Roman', 'Postmodern Roman')
	INSERT INTO Kategoriler(kid, ad, bilgi)
VALUES
	(13, 'Roman', 'Akým Roman')
	INSERT INTO Kategoriler(kid, ad, bilgi)
VALUES
	(14, 'Roman', 'Korku')
	INSERT INTO Kategoriler(kid, ad, bilgi)
VALUES
	(15, 'Roman', 'Sürrealist')
		INSERT INTO Kategoriler(kid, ad, bilgi)
VALUES
	(16, 'Roman', 'Sürrealist')
	INSERT INTO Kategoriler(kid, ad, bilgi)
VALUES
	(18, 'Þiir', 'Lirik þiir')
	INSERT INTO Kategoriler(kid, ad, bilgi)
VALUES
	(19, 'Þiir', 'Epik þiir')
	INSERT INTO Kategoriler(kid, ad, bilgi)
VALUES
	(20, 'Þiir', 'Pastoral Þiir.')
		INSERT INTO Kategoriler(kid, ad, bilgi)
VALUES
	(21, 'Þiir', 'Didaktik Þiir.')
	INSERT INTO Kategoriler(kid, ad)
VALUES
	(22, 'Biyografi')
	INSERT INTO Kategoriler(kid, ad)
VALUES
	(23,' Gezi')
	INSERT INTO Kategoriler(kid, ad)
VALUES
	(24,'Edebiyat kitabý')
	INSERT INTO Kategoriler(kid, ad)
VALUES
	(25,'Araþtýrma kitabý')
	DELETE FROM Kategoriler WHERE kid='18'

	SELECT * FROM Kategoriler

	

	SELECT Kitaplar.ad as [Kitap Adý], Kategoriler.bilgi as [Kategorisi],
	Yazarlar.ad as [Yazar Adý], Yazarlar.soyad as [Yazar Soyadý]
	FROM Kitaplar
	JOIN Kategori_bilgi ON Kitaplar.ISBN = Kategori_bilgi.ISBN
	JOIN Kategoriler ON Kategori_bilgi.kid = Kategori_bilgi.kid
	JOIN Yazarlar ON Yazarlar.yid = Kitaplar.yid

INSERT INTO Yazarlar(yid, ad, soyad, website) 
VALUES
	(2, 'Yakup Kadri', 'BEYAZosmanoðlu', 'yko.com.tr'),
	(3, 'James', 'Joyce', 'www.jj.com')
	(4,

	SELECT * FROM Yazarlar

	SELECT Yazarlar.ad as [Yazar Adý], Yazarlar.soyad as [Yazar Soyadý], 
	Kitaplar.ad as [Kitaplarý], 
	CONVERT(varchar, Kitaplar.ytarihi, 103) as [Yayýn Tarihi]
	FROM Kitaplar JOIN Yazarlar ON Kitaplar.yid = Yazarlar.yid ORDER BY Kitaplar.ad ASC


INSERT INTO Uyeler(uid, uyead, uyesoyad, eposta, telefon, cinsiyet)
VALUES

	(2, 'Brad', 'Pitt', 'crazybrad@hotmail.com', '05555354565', 'erkek')

	INSERT INTO Uyeler(uid, uyead, uyesoyad, eposta, telefon, cinsiyet)
VALUES

	(4, 'kaðan','tan',' kaðan@hotmail.com', '05555354565', 'erkek')

		INSERT INTO Uyeler(uid, uyead, uyesoyad, eposta, telefon, cinsiyet)
VALUES

	(5, 'deniz','özkan',' deniz@hotmail.com', '05555351765', 'erkek')

	
		INSERT INTO Uyeler(uid, uyead, uyesoyad, eposta, telefon, cinsiyet)
VALUES

	(6, 'mustafa','kara',' mustafa@hotmail.com', '05745351765', 'erkek')

	
		INSERT INTO Uyeler(uid, uyead, uyesoyad, eposta, telefon, cinsiyet)
VALUES

	(7, 'cengiz','tan',' cengiz@hotmail.com', '07745351765', 'erkek')

	
		INSERT INTO Uyeler(uid, uyead, uyesoyad, eposta, telefon, cinsiyet)
VALUES

	(8, 'ali','yetkin',' ali@hotmail.com', '05745351765', 'erkek')

		INSERT INTO Uyeler(uid, uyead, uyesoyad, eposta, telefon, cinsiyet)
VALUES

	(9, 'arzu','ercan',' arzu@hotmail.com', '05745381765', 'kadýn')

		
		INSERT INTO Uyeler(uid, uyead, uyesoyad, eposta, telefon, cinsiyet)
VALUES

	(11, 'ayse','ateþ',' ayse@hotmail.com', '05745381865', 'kadýn')

	INSERT INTO Uyeler(uid, uyead, uyesoyad, eposta, telefon, cinsiyet)
VALUES

	(12, 'begüm','yýldýrým',' begüm@hotmail.com', '05745381865', 'kadýn')

	INSERT INTO Uyeler(uid, uyead, uyesoyad, eposta, telefon, cinsiyet)
VALUES

	(13, 'belgin','bor',' belgin@hotmail.com', '05745881865', 'kadýn')

	INSERT INTO Uyeler(uid, uyead, uyesoyad, eposta, telefon, cinsiyet)
VALUES

	(14, 'benay','biçer',' benay@hotmail.com', '05745881865', 'kadýn')

	INSERT INTO Uyeler(uid, uyead, uyesoyad, eposta, telefon, cinsiyet)
VALUES

	(15, 'betül','yýldýz',' betül@hotmail.com', '05748881865', 'kadýn')

	
	INSERT INTO Uyeler(uid, uyead, uyesoyad, eposta, telefon, cinsiyet)
VALUES

	(16, 'büþra','dolat',' busra@hotmail.com', '05748481865', 'kadýn')

	INSERT INTO Uyeler(uid, uyead, uyesoyad, eposta, telefon, cinsiyet)
VALUES

	(17, 'cennet','gür',' busra@hotmail.com', '05748481465', 'kadýn')

	INSERT INTO Uyeler(uid, uyead, uyesoyad, eposta, telefon, cinsiyet)
VALUES

	(18, 'cihan','kara',' cihan@hotmail.com', '05348481465', 'erkek')

	INSERT INTO Uyeler(uid, uyead, uyesoyad, eposta, telefon, cinsiyet)
VALUES

	(20, 'demet','eser',' demet@hotmail.com', '05348471465', 'kadýn')

	INSERT INTO Uyeler(uid, uyead, uyesoyad, eposta, telefon, cinsiyet)
VALUES

	(21, 'derya','oruç',' derya@hotmail.com', '05378481465', 'kadýn')

	INSERT INTO Uyeler(uid, uyead, uyesoyad, eposta, telefon, cinsiyet)
VALUES

	(22, 'esra','arý',' esra@hotmail.com', '05378481465', 'kadýn')

	INSERT INTO Uyeler(uid, uyead, uyesoyad, eposta, telefon, cinsiyet)
VALUES

	(23, 'durmuþ','serin',' durmus@hotmail.com', '05378481465', 'erkek')

	INSERT INTO Uyeler(uid, uyead, uyesoyad, eposta, telefon, cinsiyet)
VALUES

	(24, 'eda','acar',' eda@hotmail.com', '05378489465', 'kadýn')

	INSERT INTO Uyeler(uid, uyead, uyesoyad, eposta, telefon, cinsiyet)
VALUES

	(25, 'elfin','uçar',' elfin@hotmail.com', '05378489405', 'kadýn')




	SELECT * FROM Uyeler

INSERT INTO Odunc_bilgi(uid, ISBN)
VALUES
	('1','850-2-17565-04-8' ) 
	INSERT INTO Odunc_bilgi(uid, ISBN)
VALUES
	('2', '850-2-17565-43-8') 
INSERT INTO Odunc_bilgi(uid, ISBN)
VALUES
	('3', '720-2-17815-93-9') 
	INSERT INTO Odunc_bilgi(uid, ISBN)
VALUES
	('4', '710-2-17517-93-9') 
	INSERT INTO Odunc_bilgi(uid, ISBN)
VALUES
	('5', '850-2-17515-04-0') 
	INSERT INTO Odunc_bilgi(uid, ISBN)
VALUES
	('6', '850-2-17515-04-0') 

INSERT INTO Odunc_bilgi(uid, ISBN)
VALUES
	('7', '110-2-12517-93-9') 
INSERT INTO Odunc_bilgi(uid, ISBN)
VALUES
	('8', '009-2-17517-93-0') 
INSERT INTO Odunc_bilgi(uid, ISBN)
VALUES
	('9', '019-2-102017-93-0') 
INSERT INTO Odunc_bilgi(uid, ISBN)
VALUES
	('10', '456-5-135936-46-1') 
 INSERT INTO Odunc_bilgi(uid, ISBN)
VALUES
	('11', '019-2-111739-94-9') 
	INSERT INTO Odunc_bilgi(uid, ISBN)
VALUES
	('12', '456-5-148965-96-1') 
	INSERT INTO Odunc_bilgi(uid, ISBN)
VALUES
	('13', '456-5-148965-96-1') 
	INSERT INTO Odunc_bilgi(uid, ISBN)
VALUES
	('13', '110-2-17517-93-9') 
	INSERT INTO Odunc_bilgi(uid, ISBN)
VALUES
	('14', '456-5-148963-96-1') 
	INSERT INTO Odunc_bilgi(uid, ISBN)
VALUES
	('15', '159-0-101739-94-9') 
	INSERT INTO Odunc_bilgi(uid, ISBN)
VALUES
	('15', '222-2-193467-02-1')
	INSERT INTO Odunc_bilgi(uid, ISBN)
VALUES
	('16', '226-2-399356-09-1')
	INSERT INTO Odunc_bilgi(uid, ISBN)
VALUES
	('17', '226-2-399356-09-1')

INSERT INTO Odunc_bilgi(uid, ISBN)
VALUES
	('18','736-0-102713-50-7')
	INSERT INTO Odunc_bilgi(uid, ISBN)
VALUES
	('19','103-7-121198-97-9')
	INSERT INTO Odunc_bilgi(uid, ISBN)
VALUES
	('20','750-2-17765-43-9')
	INSERT INTO Odunc_bilgi(uid, ISBN)
VALUES
	('21','019-2-10517-93-9')
	INSERT INTO Odunc_bilgi(uid, ISBN)
VALUES
	('22','019-2-112637-94-9')
	INSERT INTO Odunc_bilgi(uid, ISBN)
VALUES
	('23','110-2-17517-93-9')
	INSERT INTO Odunc_bilgi(uid, ISBN)
VALUES
	('24','750-2-17715-93-9')
		INSERT INTO Odunc_bilgi(uid, ISBN)
VALUES
	('25','750-2-17715-93-9')

	
	
	


DELETE FROM Odunc_bilgi WHERE ISBN ='103-7-121198-97-9'

	
	SELECT * FROM Odunc_bilgi
	Uyeler 
	JOIN Odunc_bilgi ON Uyeler.uid = Odunc_bilgi.uid
	JOIN Kitaplar ON Kitaplar.ISBN = Odunc_bilgi.ISBN
	WHERE
	Uyeler.uid = 1

	DELETE FROM Odunc_bilgi



INSERT INTO Musteriler(mid, ad, soyad, sehir, ilce, mahalle, pkodu)
VALUES
	(1, 'kývanç', 'tatlýtuð', 'istanbul', 'baðcýlar', 'mahalle', '34344')

	INSERT INTO Musteriler(mid, ad, soyad, sehir, ilce, mahalle, pkodu)
VALUES
	(2, 'ahmet', 'kara', 'adana', 'barajyolu', 'mahalle', '35644')

	INSERT INTO Musteriler(mid, ad, soyad, sehir, ilce, mahalle, pkodu)
VALUES
	(3, 'mustafa', 'yýlmaz', 'istanbul', 'beylikdüzü', 'Adnan Kahveci', '35641')

	INSERT INTO Musteriler(mid, ad, soyad, sehir, ilce, mahalle, pkodu)
VALUES
	(4, 'kemal', 'aslan', 'istanbul', 'beykoz', 'Acarlar', '36641')

	INSERT INTO Musteriler(mid, ad, soyad, sehir, ilce, mahalle, pkodu)
VALUES
	(5, 'ayþe', 'yýldýrým', 'istanbul', 'küçükçekmece', 'Atakent', '36541')

	INSERT INTO Musteriler(mid, ad, soyad, sehir, ilce, mahalle, pkodu)
VALUES
	(6, 'kamil', 'çelik', 'istanbul', 'baðcýlar', '100.yýl', '36541')

	
	INSERT INTO Musteriler(mid, ad, soyad, sehir, ilce, mahalle, pkodu)
VALUES
	(7, 'fatma', 'öztürk', 'antalya', 'gaziosmanpaþa', 'Atakent', '30541')

	INSERT INTO Musteriler(mid, ad, soyad, sehir, ilce, mahalle, pkodu)
VALUES
	(9, 'elif', 'þen', 'mersin', 'erdemli', 'merkez', '33541')

	INSERT INTO Musteriler(mid, ad, soyad, sehir, ilce, mahalle, pkodu)
VALUES
	(11, 'ayþe', 'kara', 'istanbul', 'kartal', 'merkez', '34341')

		INSERT INTO Musteriler(mid, ad, soyad, sehir, ilce, mahalle, pkodu)
VALUES
	(12, 'mehmet ','çevik', 'istanbul', 'kartal', 'büyükçekmece', '33341')

		INSERT INTO Musteriler(mid, ad, soyad, sehir, ilce, mahalle, pkodu)
VALUES
	(13, 'hasan','yastý', 'hatay', 'iskenderun', 'inci', '33371')

	
		INSERT INTO Musteriler(mid, ad, soyad, sehir, ilce, mahalle, pkodu)
VALUES
	(14, 'yaren','bilgic', 'eskisehir', 'mustafa kemal', 'manzur', '33671')

		INSERT INTO Musteriler(mid, ad, soyad, sehir, ilce, mahalle, pkodu)
VALUES
	(15, 'ruveyda','Doðan', 'istanbul', 'küçükçekmece', 'fatih', '33681')

	INSERT INTO Musteriler(mid, ad, soyad, sehir, ilce, mahalle, pkodu)
VALUES
	(16, 'derya','sapmaz', 'istanbul', 'sancaktepe', 'onur', '33581')

	INSERT INTO Musteriler(mid, ad, soyad, sehir, ilce, mahalle, pkodu)
VALUES
	(17, 'meryem','akcaoðlu', 'istanbul', 'ataþehir', 'inönü', '33881')

	INSERT INTO Musteriler(mid, ad, soyad, sehir, ilce, mahalle, pkodu)
VALUES
	(18, 'damla','yýldýz', 'gaziantep', 'kayýþdaðý', 'merkez', '63881')

	INSERT INTO Musteriler(mid, ad, soyad, sehir, ilce, mahalle, pkodu)
VALUES
	(19, 'ayþe','þahin', 'konya', 'selçuklu', 'melikþah', '39881')

	INSERT INTO Musteriler(mid, ad, soyad, sehir, ilce, mahalle, pkodu)
VALUES
	(20, 'ömer faruk ','þahin', 'karabük', 'safranbolu', 'adalet', '33981')

	INSERT INTO Musteriler(mid, ad, soyad, sehir, ilce, mahalle, pkodu)
VALUES
	(21, 'halil ','özdemir', 'istanbul', 'avcýlar', 'narin', '34981')

	INSERT INTO Musteriler(mid, ad, soyad, sehir, ilce, mahalle, pkodu)
VALUES
	(22, 'erdem','arý', 'istanbul', 'esenyurt', 'türbe', '37981')


	INSERT INTO Musteriler(mid, ad, soyad, sehir, ilce, mahalle, pkodu)
VALUES
	(24, 'nuray','bozdoðan', 'istanbul', 'kadýköy', 'saðlýk', '34581')

	INSERT INTO Musteriler(mid, ad, soyad, sehir, ilce, mahalle, pkodu)
VALUES
	(23, 'zarife','çerçi', 'istanbul', 'bakýköy', 'ambarlý', '37981')

	INSERT INTO Musteriler(mid, ad, soyad, sehir, ilce, mahalle, pkodu)
VALUES
	(25, 'inci','tan', 'istanbul', 'zeytinburnu', 'hürriyet', '34981')

	INSERT INTO Musteriler(mid, ad, soyad, sehir, ilce, mahalle, pkodu)
VALUES
	(26, 'bucu','efil', 'istanbul', 'pendik', 'zafer', '34081')

	INSERT INTO Musteriler(mid, ad, soyad, sehir, ilce, mahalle, pkodu)
VALUES
	(27, 'þenay','þahin', 'istanbul', 'eyüpsultan', 'þamlar', '34081')

	INSERT INTO Musteriler(mid, ad, soyad, sehir, ilce, mahalle, pkodu)
VALUES
	(28, 'yalçýn','polat', 'ankara', 'gazipaþa', 'ulus', '06081')

	INSERT INTO Musteriler(mid, ad, soyad, sehir, ilce, mahalle, pkodu)
VALUES
	(29, 'cengiz','þimþek', 'istanbul', 'sarýyer', 'ulus', '06581')

	INSERT INTO Musteriler(mid, ad, soyad, sehir, ilce, mahalle, pkodu)
VALUES
	(30, 'hatice','korkmaz', 'istanbul', 'beþiktaþ', 'etiler', '06981')

	INSERT INTO Musteriler(mid, ad, soyad, sehir, ilce, mahalle, pkodu)
VALUES
	(31, 'olcay','cansýz', 'istanbul', 'beþiktaþ', 'etiler', '06981')

	INSERT INTO Musteriler(mid, ad, soyad, sehir, ilce, mahalle, pkodu)
VALUES
	(32, 'pembe','cansýz', 'istanbul', 'beþiktaþ', 'etiler', '06981')

	INSERT INTO Musteriler(mid, ad, soyad, sehir, ilce, mahalle, pkodu)
VALUES
	(33, 'özcan','kurt', 'istanbul', 'ümraniye', 'inan', '08981')

	INSERT INTO Musteriler(mid, ad, soyad, sehir, ilce, mahalle, pkodu)
VALUES
	(34, 'ali','derin', 'istanbul', 'üsküdar', 'fýstýkaðacý', '09981')

	INSERT INTO Musteriler(mid, ad, soyad, sehir, ilce, mahalle, pkodu)
VALUES
	(35, 'veli','kýlýç', 'istanbul', 'fatih', 'yalýköy', '09991')

	INSERT INTO Musteriler(mid, ad, soyad, sehir, ilce, mahalle, pkodu)
VALUES
	(36, 'ahmet','dölek', 'istanbul', 'zeytinburnu', 'yakuplu', '09591')

	INSERT INTO Musteriler(mid, ad, soyad, sehir, ilce, mahalle, pkodu)
VALUES
	(37, 'alperen','er', 'istanbul', 'esenler', 'kemer', '03591')

	INSERT INTO Musteriler(mid, ad, soyad, sehir, ilce, mahalle, pkodu)
VALUES
	(38, 'bilge','eren', 'istanbul', 'kaðýthane', 'nurtepe', '11591')

	INSERT INTO Musteriler(mid, ad, soyad, sehir, ilce, mahalle, pkodu)
VALUES
	(39, 'cennet','ateþ', 'istanbul', 'güngören', 'akýncýlar', '11541')

	INSERT INTO Musteriler(mid, ad, soyad, sehir, ilce, mahalle, pkodu)
VALUES
	(40, 'dilara','yýlmaz', 'istanbul', 'maltepe', 'girne', '11741')

	INSERT INTO Musteriler(mid, ad, soyad, sehir, ilce, mahalle, pkodu)
VALUES
	(41, 'ebru','mavi', 'istanbul', 'þiþli', 'fulya', '11751')

	INSERT INTO Musteriler(mid, ad, soyad, sehir, ilce, mahalle, pkodu)
VALUES
	(42, 'elif','keskin', 'istanbul', 'þiþli', 'inönü', '11781')

	INSERT INTO Musteriler(mid, ad, soyad, sehir, ilce, mahalle, pkodu)
VALUES
	(43, 'esra','uðran', 'istanbul', 'tuzla', 'cami', '11731')

	INSERT INTO Musteriler(mid, ad, soyad, sehir, ilce, mahalle, pkodu)
VALUES
	(44, 'gökçe','kalay', 'istanbul', 'ümraniye', 'huzur', '11931')

	INSERT INTO Musteriler(mid, ad, soyad, sehir, ilce, mahalle, pkodu)
VALUES
	(45, 'hakan','topal', 'istanbul', 'üsküdar', 'acýbadem', '11961')

	INSERT INTO Musteriler(mid, ad, soyad, sehir, ilce, mahalle, pkodu)
VALUES
	(46, 'kurþat','özalp', 'istanbul', 'tuzla', 'mescit', '11971')

	INSERT INTO Musteriler(mid, ad, soyad, sehir, ilce, mahalle, pkodu)
VALUES
	(49, 'kübra','ikiz', 'istanbul', 'pendik', 'batý', '13971')

	INSERT INTO Musteriler(mid, ad, soyad, sehir, ilce, mahalle, pkodu)
VALUES
	(50, 'mete','', 'istanbul', 'fatih', 'aksaray', '17871')

	INSERT INTO Musteriler(mid, ad, soyad, sehir, ilce, mahalle, pkodu)
VALUES
	(51, 'mete','yastý', 'istanbul', 'esenyurt', 'çýnar', '10871')

	INSERT INTO Musteriler(mid, ad, soyad, sehir, ilce, mahalle, pkodu)
VALUES
	(53, 'nazlý','güven', 'istanbul', 'çekmeköy', 'taþdelen', '19871')

	INSERT INTO Musteriler(mid, ad, soyad, sehir, ilce, mahalle, pkodu)
VALUES
	(54, 'selçuk','uzun', 'istanbul', 'çekmeköy', 'koçullu', '19871')

	INSERT INTO Musteriler(mid, ad, soyad, sehir, ilce, mahalle, pkodu)
VALUES
	(54, 'selçuk','uzun', 'istanbul', 'çekmeköy', 'koçullu', '19871')

	INSERT INTO Musteriler(mid, ad, soyad, sehir, ilce, mahalle, pkodu)
VALUES
	(55, 'yasemin','aydýn', 'istanbul', 'çatalca', 'kalfa', '18871')

	INSERT INTO Musteriler(mid, ad, soyad, sehir, ilce, mahalle, pkodu)
VALUES
	(56, 'zeliha','serin', 'istanbul', 'büyükçekmece', 'bahçelievler', '189871')

	SELECT * FROM musteriler


	SELECT mid as [Müþteri Numarasý], ad as [Ýsim], soyad as [Soyisim], 
	sehir as [Þehir], ilce as [Ýlçe], mahalle as [Mahalle], pkodu as [Posta Kodu] 
	FROM Musteriler

INSERT INTO Siparis_bilgi(spid, tarih, iletimtarih, id, takipno, ISBN)
VALUES
	(1, (SELECT GETDATE()), '2022/01/12', 1, '33345336', '156-0-101203-52-7')
INSERT INTO Siparis_bilgi(spid, tarih, iletimtarih, id, takipno, ISBN)
VALUES
	(2, (SELECT GETDATE()), '2022/01/15', 2, '33346336', '456-5-185666-55-1')
INSERT INTO Siparis_bilgi(spid, tarih, iletimtarih, id, takipno, ISBN)
VALUES
	(3, (SELECT GETDATE()), '2022/01/16', 3, '33346336', '956-5-142263-98-1')
	INSERT INTO Siparis_bilgi(spid, tarih, iletimtarih, id, takipno, ISBN)
VALUES
	(4, (SELECT GETDATE()), '2022/01/18', 4, '33346336', '456-5-135936-46-1')
	INSERT INTO Siparis_bilgi(spid, tarih, iletimtarih, id, takipno, ISBN)
VALUES
	(5, (SELECT GETDATE()), '2022/01/20', 5, '33346336', '555-2-133313-02-7')

	INSERT INTO Siparis_bilgi(spid, tarih, iletimtarih, id, takipno, ISBN)
VALUES
	(6, (SELECT GETDATE()), '2022/01/21', 6, '33346345', '456-5-198666-55-1')
	INSERT INTO Siparis_bilgi(spid, tarih, iletimtarih, id, takipno, ISBN)
VALUES
	(7, (SELECT GETDATE()), '2022/01/22', 7, '33348336', '956-5-142263-98-1')
	INSERT INTO Siparis_bilgi(spid, tarih, iletimtarih, id, takipno, ISBN)
VALUES
    (8, (SELECT GETDATE()), '2022/01/23', 16, '34346336', '103-7-121198-97-9')
	INSERT INTO Siparis_bilgi(spid, tarih, iletimtarih, id, takipno, ISBN)
VALUES
    (9, (SELECT GETDATE()), '2022/01/24', 9, '33546336', '850-2-17505-04-8')
	INSERT INTO Siparis_bilgi(spid, tarih, iletimtarih, id, takipno, ISBN)
VALUES
	(10, (SELECT GETDATE()), '2022/01/27', 17, '33646336', '456-5-135936-46-1')
	INSERT INTO Siparis_bilgi(spid, tarih, iletimtarih, id, takipno, ISBN)
VALUES
	(11, (SELECT GETDATE()), '2022/01/29', 11, '33546236', '156-0-100013-52-7')
	INSERT INTO Siparis_bilgi(spid, tarih, iletimtarih, id, takipno, ISBN)
VALUES
	(12, (SELECT GETDATE()), '2022/01/29', 12, '31546236', '456-5-135956-46-1')
	INSERT INTO Siparis_bilgi(spid, tarih, iletimtarih, id, takipno, ISBN)
VALUES
	(13, (SELECT GETDATE()), '2022/01/30', 13, '33547436', '176-7-191746-51-7')
	INSERT INTO Siparis_bilgi(spid, tarih, iletimtarih, id, takipno, ISBN)
VALUES
	(14, (SELECT GETDATE()), '2022/01/19', 14, '33549236', '158-0-101799-94-9'),
	(15, (SELECT GETDATE()), '2022/01/21', 15, '33543236', '019-2-102017-93-0')

	
	SELECT * FROM Musteriler


	

	

	SELECT * FROM Siparis_bilgi

	DELETE FROM Siparis_bilgi

SELECT Siparis_bilgi.spid as [Sipariþ Numarasý], 
	Musteriler.ad as [Ýsim], Musteriler.soyad as [Soyisim],
	Musteriler.sehir as [Gönderim Þehri], Musteriler.ilce as [Ýlçesi],
	CONVERT(varchar, Siparis_bilgi.iletimtarih, 103) as [Gönderim Tarihi],
	Siparis_bilgi.takipno as [Takip Numarasý],
	Kitaplar.ISBN as [ISBN], Kitaplar.ad as [Kitap Adý],
	Kitaplar.yazar as [Yazar], Kitaplar.fiyat as [Fiyat]
	FROM Musteriler
	JOIN Siparis_bilgi ON Musteriler.mid = Siparis_bilgi.id
	JOIN Kitaplar ON Kitaplar.ISBN = Siparis_bilgi.ISBN ORDER BY iletimtarih ASC

INSERT INTO Kampanyalar(kno, ad, bilgi, bastarih, bittarih)
VALUES
	(1, 'Ýndirim', '%20', '2022/01/12', '2022/01/17')

INSERT INTO Kampanyalar(kno, ad, bilgi)
VALUES
	(2, 'Ýki Al Bir Öde', '50 TL Üzeri Alýþveriþlerde Geçerlidir.')
	
INSERT INTO Kampanyalar(kno, ad, bilgi)
VALUES
	(3, 'Kitap hediyesi', '75 tl ve üzeri alýþveriþe dilediðin  kitap hediye.')

		
INSERT INTO Kampanyalar(kno, ad, bilgi)
VALUES
	(4, 'Hediye çeki', '150 tl ve üzeri alýþveriþe 25 tl  hediye çeki.')

	INSERT INTO Kampanyalar(kno, ad, bilgi)
VALUES
	(5, 'Ýndirim', 'Ýki kitap alana ikincisi %50 indirimli.')

	INSERT INTO Kampanyalar(kno, ad, bilgi)
VALUES
	(6, 'Ýndirim', 'Ýlk alýþveriþte %40 a varan indirim.')

	INSERT INTO Kampanyalar(kno, ad, bilgi)
VALUES
	(7, 'Ýndirim', 'Ayný yazardan aldýðýn 2.kitap %50 indrimli.')

	INSERT INTO Kampanyalar(kno, ad, bilgi, bastarih, bittarih)
VALUES
	(9, 'Hediye ','Ayný yayýnevinden aldýðýn 3 kitaptan 1 tanesi hediye.','2022/01/12','2022/01/19')


UPDATE Kampanyalar SET ad = 'Üç Al Bir Öde', bilgi = '100 TL Üzeri Alýþveriþlerde Geçerlidir.', bastarih = '2022/01/01'
WHERE kno = 2

	SELECT * FROM Kampanyalar

INSERT INTO Kampanya_bilgi(mid, kno)
VALUES
	(1, 1)
	INSERT INTO Kampanya_bilgi(mid, kno)
VALUES
	(2,2)
	INSERT INTO Kampanya_bilgi(mid, kno)
VALUES
	(2,3)
		INSERT INTO Kampanya_bilgi(mid, kno)
VALUES
	(3,4)
	INSERT INTO Kampanya_bilgi(mid, kno)
VALUES
	(4,5)
	INSERT INTO Kampanya_bilgi(mid, kno)
VALUES
	(5,6)
	INSERT INTO Kampanya_bilgi(mid, kno)
VALUES
	(6,9)
	INSERT INTO Kampanya_bilgi(mid, kno)
VALUES
	(7,7)
		INSERT INTO Kampanya_bilgi(mid, kno)
VALUES
	(9,5)
	INSERT INTO Kampanya_bilgi(mid, kno)
VALUES
	(11,1)
	INSERT INTO Kampanya_bilgi(mid, kno)
VALUES
	(12,6)
	INSERT INTO Kampanya_bilgi(mid, kno)
VALUES
	(13,4)
	INSERT INTO Kampanya_bilgi(mid, kno)
VALUES
	(14,3)
	INSERT INTO Kampanya_bilgi(mid, kno)
VALUES
	(15,5)
	INSERT INTO Kampanya_bilgi(mid, kno)
VALUES
	(16,7)
		INSERT INTO Kampanya_bilgi(mid, kno)
VALUES
	(17,1)
	INSERT INTO Kampanya_bilgi(mid, kno)
VALUES
	(18,4)
	INSERT INTO Kampanya_bilgi(mid, kno)
VALUES
	(19,6)
	INSERT INTO Kampanya_bilgi(mid, kno)
VALUES
	(20,2)
	DELETE FROM Kampanya_bilgi
	SELECT*FROM Kampanya_bilgi

	SELECT Kampanyalar.kno as [Kampanya Numarasý], Kitaplar.ad as [Kitap Adý], 
	Musteriler.ad as [Müþteri Adý],
	Musteriler.soyad as [Müþteri Soyadý], Kampanyalar.ad as [Kampanya Adý],
	Kampanyalar.bilgi as [Kampanya Ýçeriði], Kampanyalar.bastarih as [Kampanya Baþlangýcý],
	Kampanyalar.bittarih as [Kampanya Bitiþi] From Kampanyalar
	JOIN Kampanya_bilgi ON Kampanyalar.kno = Kampanya_bilgi.kno
	JOIN Musteriler ON Musteriler.mid = Kampanya_bilgi.mid
	JOIN Siparis_bilgi ON Musteriler.mid = Siparis_bilgi.id
	JOIN Kitaplar ON Siparis_bilgi.ISBN = Kitaplar.ISBN

	SELECT * FROM Musteriler

	SELECT * FROM Kampanyalar



INSERT INTO Yayinevleri(yno, ad, adres, website, tel)
VALUES
	(1, 'Can Yayýnlarý', 'Þiþli', 'www.cy.com.tr', '02122505050')

	INSERT INTO Yayinevleri(yno, ad, adres, website, tel)
VALUES
	(2, 'KIRMIZI KEDÝ YAYINEVÝ', 'Beyoðlu', 'kirmizikedi.com', '05369878552')

	INSERT INTO Yayinevleri(yno, ad, adres, website, tel)
VALUES
	(3, 'ÝTHAKÝ YAYINLARI', 'Beykoz', 'ithakiyayýnlarý.com', '05899878552')
	
	INSERT INTO Yayinevleri(yno, ad, adres, website, tel)
VALUES
	(4, 'KRONÝK YAYINLARI', 'Küçükyalý', 'ithakiyayýnlarý.com', '05899887552')

	INSERT INTO Yayinevleri(yno, ad, adres, website, tel)
VALUES
	(5, 'Ýnkýlap YAYINEVÝ ', 'Ümraniye', 'inkýlapyayýnlarý.com', '05899887002')

	INSERT INTO Yayinevleri(yno, ad, adres, website, tel)
VALUES
	(6, 'Anka Kadýn Yayýnlarý ', 'Ümraniye', 'ankayayýnlarý.com', '05897887002')

	INSERT INTO Yayinevleri(yno, ad, adres, website, tel)
VALUES
	(7, 'Batý Akademi ', 'ÞÝÞLÝ', 'batýyayýnlarý.com', '05812887002')

INSERT INTO Yayinevleri(yno, ad, adres, website, tel)
VALUES
	(8,'Berfin Yayýnlarý ', 'Sarýyer', 'berfinyayýnlarý.com', '05412887002')

	INSERT INTO Yayinevleri(yno, ad, adres, website, tel)
VALUES
	(9,'Bilgin Kültür Sanat ', 'Sarýyer', 'bilginnyayýnlarý.com', '05412587002')

	INSERT INTO Yayinevleri(yno, ad, adres, website, tel)
VALUES
	(10,'Columbia University Press ', 'Sarýyer', 'columbiayayýnlarý.com', '05472587002')

	INSERT INTO Yayinevleri(yno, ad, adres, website, tel)
VALUES
	(11,'Charlesbridge ', 'Ataþehir', 'charlesyayýnlarý.com', '05442587002')

	INSERT INTO Yayinevleri(yno, ad, adres, website, tel)
VALUES
	(12,'Ceylan Yayýncýlýk ', 'Çekmeköy', 'ceylanyayýnlarý.com', '05442581002')

	INSERT INTO Yayinevleri(yno, ad, adres, website, tel)
VALUES
	(13,'Ceviz Yayýncýlýk ', 'Kartal', 'cevizyayýnlarý.com', '05443581002')

	INSERT INTO Yayinevleri(yno, ad, adres, website, tel)
VALUES
	(14,'Çatý Kitaplarý ', 'Kartal', 'çatiyayýnlarý.com', '05443581002')

	INSERT INTO Yayinevleri(yno, ad, adres, website, tel)
VALUES
	(15,'Çýraðan Kitap ', 'Esenyurt', 'çýraðanyayýnlarý.com', '05843581002')

	INSERT INTO Yayinevleri(yno, ad, adres, website, tel)
VALUES
	(16,'Çocuk Gezegeni', 'Ataþehir', 'çocukgezeni.com', '05843581502')

	INSERT INTO Yayinevleri(yno, ad, adres, website, tel)
VALUES
	(17,'Damla Yayýnevi', 'Fatih', 'damlayayýnlarý.com', '05843581502')

	INSERT INTO Yayinevleri(yno, ad, adres, website, tel)
VALUES
	(18,'E Kitap Yayýncýlýk', 'Sisli', 'kitapyayýnlarý.com', '05873581502')

	INSERT INTO Yayinevleri(yno, ad, adres, website, tel)
VALUES
	(19,'Ekim Yayýnlarý', 'Beyoðlu', 'ekimyayýnlarý.com', '05873581501')

		INSERT INTO Yayinevleri(yno, ad, adres, website, tel)
VALUES
	(20,'Fotoðraf Gezginleri', 'Çatalca', 'ekimyayýnlarý.com', '05873581501')

		INSERT INTO Yayinevleri(yno, ad, adres, website, tel)
VALUES
	(21,'Golden Key', 'Beylikdüzü', 'Goldenyayýnlarý.com', '05833581501')

		INSERT INTO Yayinevleri(yno, ad, adres, website, tel)
VALUES
	(22,'Guinnes World', 'Bayrampaþa', 'Guinessyayýnlarý.com', '05833581801')

		INSERT INTO Yayinevleri(yno, ad, adres, website, tel)
VALUES
	(23,'Harper Perennial', 'Baþakþehir', 'Harperyayýnlarý.com', '05833501801')

		INSERT INTO Yayinevleri(yno, ad, adres, website, tel)
VALUES
	(24,'Harper San Francisco', 'Ataþehir', 'HarperSanyayýnlarý.com', '05833601801')

		INSERT INTO Yayinevleri(yno, ad, adres, website, tel)
VALUES
	(25,'Haynes Publishing Group', 'Sarýyer', 'HaynesPublishinyayýnlarý.com', '05733601801')

		INSERT INTO Yayinevleri(yno, ad, adres, website, tel)
VALUES
	(27,'Hera Yayýncýlýk', 'Sarýyer', 'Herayayýnlarý.com', '05733601801')

		INSERT INTO Yayinevleri(yno, ad, adres, website, tel)
VALUES
	(28,'Hyperion Kitap', 'Bakýrköy', 'HyperionPublishinyayýnlarý.com', '02733601801')

	INSERT INTO Yayinevleri(yno, ad, adres, website, tel)
VALUES
	(30,'Ýnfobox Books', 'Fatih', 'Ýnfoboxyayýnlarý.com', '02733901801')

	INSERT INTO Yayinevleri(yno, ad, adres, website, tel)
VALUES
	(31,'Ýþ Bankasý Kültür Yayýnlarý', 'Güngören', 'Ýþbankasýyayýnlarý.com', '08733901801')

	INSERT INTO Yayinevleri(yno, ad, adres, website, tel)
VALUES
	(32,'Igloo', 'Güngören', 'Iglooyayýnlarý.com', '01733901801')

	INSERT INTO Yayinevleri(yno, ad, adres, website, tel)
VALUES
	(41,'Ihlamur Kitap', 'Beþiktaþ', 'Ihlamuryayýnlarý.com', '02733901800')

	INSERT INTO Yayinevleri(yno, ad, adres, website, tel)
VALUES
	(34,'Kahverengi Kitap', 'Pendik', 'Kahverengiyayýnlarý.com', '02733921800')

	
	INSERT INTO Yayinevleri(yno, ad, adres, website, tel)
VALUES
	(35,'Leyra Yayýnevi', 'Pendik', 'Leyrayayýnlarý.com', '02743921800')

		INSERT INTO Yayinevleri(yno, ad, adres, website, tel)
VALUES
	(37,'Limonkids', 'Kartal', 'Limonyayýnlarý.com', '02743925810')

	INSERT INTO Yayinevleri(yno, ad, adres, website, tel)
VALUES
	(38,'Loescher', 'Tuzla', 'Loescheryayýnlarý.com', '02749925800')

	INSERT INTO Yayinevleri(yno, ad, adres, website, tel)
VALUES
	(39,'Oksijen Yayýnlarý', 'Þile', 'Oksijenyayýnlarý.com', '02749926800')

	INSERT INTO Yayinevleri(yno, ad, adres, website, tel)
VALUES
	(40,'Önemli Kitap', 'Silivri', 'Önemliyayýnlarý.com', '02749926500') 



	SELECT * FROM Yayinevleri

	SELECT Kitaplar.ad as [Kitap Adý], Yazarlar.ad as [Yazar Adý], Yayinevleri.ad as [Yayýnevi]
	FROM Kitaplar 
	JOIN Yayinevleri ON Kitaplar.yno = Yayinevleri.yno
	JOIN Yazarlar ON Yazarlar.yid = Kitaplar.yid

	SELECT TOP 20 (SCHEMA_NAME(A.schema_id) + '.'+A.Name) AS TableName
	,SUM(B.rows) AS RecordCount
	FROM sys.objects A
	INNER JOIN sys.partitions B ON A.object_id=B.object_id
	WHERE A.type='U'
	GROUP BY A.schema_id,A.Name



UPDATE Stok
SET adet = cast(CRYPT_GEN_RANDOM(1) as bigint) % 100